Cluster_ID,Best_Match,Similarity_Pct,Status,Total_Reads,Pct_of_Sample,Num_ASVs
Unclustered,Eukaryota;TSAR;Alveolata;Ciliophora;Spirotrichea;Choreotrichida;Strobilidiidae;Strobilidiidae_X;Strobilidiidae_X_sp.;,63.88,Candidate novel taxon,12557,7.98,2840
Cluster_27,Eukaryota;TSAR;Rhizaria;Foraminifera;Globothalamea;Rotaliida;Uvigerinidae;Uvigerina;Uvigerina_peregrina;,58.63,Candidate novel taxon,1965,1.25,130
Cluster_205,Eukaryota;Obazoa;Opisthokonta;Metazoa;Platyhelminthes;Turbellaria;Seriata;Microplana;Microplana_sp.;,44.62,Candidate novel taxon,1863,1.18,225
Cluster_84,Eukaryota;Obazoa;Opisthokonta;Fungi;Ascomycota;Pezizomycotina;Eurotiomycetes;Aspergillus;Aspergillus_niger;,60.12,Candidate novel taxon,1240,0.79,57
Cluster_416,Eukaryota;Obazoa;Opisthokonta;Fungi;Chytridiomycota;Chytridiales;Chytridiales_X;Chytridiales_XX;Chytridiales_XX_sp.;,45.27,Candidate novel taxon,900,0.57,64
Cluster_155,Eukaryota;Obazoa;Opisthokonta;Fungi;Ascomycota;Pezizomycotina;Sordariomycetes;Liberomyces;Liberomyces_saliciphilus;,43.79,Candidate novel taxon,636,0.4,82
Cluster_415,Eukaryota;TSAR;Alveolata;Ciliophora;Oligohymenophorea;Hymenostomatia;Tetrahymenida;Tetrahymena;Tetrahymena_australis;,40.96,Candidate novel taxon,529,0.34,66
Cluster_381,Eukaryota;TSAR;Rhizaria;Foraminifera;Globothalamea;Rotaliida;Cassidulinidae;Islandiella;Islandiella_sp.;,57.92,Candidate novel taxon,524,0.33,45
Cluster_431,Eukaryota;TSAR;Alveolata;Ciliophora;Phyllopharyngea;Cyrtophoria_1;PHYLL_4;PHYLL_4_X;PHYLL_4_X_sp.;,59.48,Candidate novel taxon,473,0.3,49
Cluster_785,Eukaryota;Obazoa;Opisthokonta;Fungi;Ascomycota;Pezizomycotina;Sordariomycetes;Paecilomyces;Paecilomyces_nostocoides;,62.45,Candidate novel taxon,468,0.3,35
Cluster_369,Eukaryota;TSAR;Alveolata;Dinoflagellata;Syndiniales;Dino-Group-I;Dino-Group-I-Clade-1;Dino-Group-I-Clade-1_X;Dino-Group-I-Clade-1_X_sp.;,58.79,Candidate novel taxon,409,0.26,37
Cluster_386,Eukaryota;TSAR;Alveolata;Ciliophora;Oligohymenophorea;Hymenostomatia;Tetrahymenida;Tetrahymena;Tetrahymena_shanghaiensis;,41.18,Candidate novel taxon,399,0.25,99
Cluster_349,Eukaryota;Amoebozoa;Discosea;Discosea_X;Flabellinia;Vannellida;Vannellida_X;Vannellida_XX;Vannellida_XX_sp.;,55.63,Candidate novel taxon,353,0.22,52
Cluster_163,Eukaryota:mito;Obazoa:mito;Opisthokonta:mito;Fungi:mito;Ascomycota:mito;Pezizomycotina:mito;Lecanoromycetes:mito;Cryptodiscus:mito;Cryptodiscus_pini:mito;,49.53,Candidate novel taxon,326,0.21,70
Cluster_151,Eukaryota;Obazoa;Opisthokonta;Fungi;Chytridiomycota;Chytridiales;Chytridiales_X;Chytridiales_XX;Chytridiales_XX_sp.;,44.98,Candidate novel taxon,305,0.19,42
Cluster_390,Eukaryota;TSAR;Alveolata;Ciliophora;Oligohymenophorea;Peritrichia_2;Vaginicolidae;Vaginicolidae_X;Vaginicolidae_X_sp.;,64.09,Candidate novel taxon,300,0.19,20
Cluster_149,Eukaryota;Obazoa;Opisthokonta;Fungi;Ascomycota;Pezizomycotina;Eurotiomycetes;Aspergillus;Aspergillus_niger;,46.12,Candidate novel taxon,276,0.18,60
Cluster_477,Eukaryota;TSAR;Alveolata;Apicomplexa;Gregarinomorphea;Cryptogregarinorida;Cryptosporidiidae;Cryptosporidium;Cryptosporidium_sp.;,58.37,Candidate novel taxon,253,0.16,13
Cluster_423,Eukaryota;TSAR;Stramenopiles;Bigyra;Opalozoa;Opalozoa_X;MAST-12;MAST-12C;MAST-12C_sp.;,59.7,Candidate novel taxon,228,0.14,16
Cluster_472,Eukaryota;TSAR;Telonemia;Telonemia_X;Telonemia_XX;Telonemia_XXX;Telonemia-Group-2;Telonemia-Group-2_X;Telonemia-Group-2_X_sp.;,60.43,Candidate novel taxon,211,0.13,10
Cluster_432,Eukaryota;TSAR;Alveolata;Ciliophora;Phyllopharyngea;Suctoria;Evaginogenida;Periacineta;Periacineta_mexicana;,61.28,Candidate novel taxon,201,0.13,15
Cluster_476,Eukaryota;Obazoa;Opisthokonta;Metazoa;Platyhelminthes;Turbellaria;Seriata;Phagocata;Phagocata_sp.;,59.96,Candidate novel taxon,199,0.13,19
Cluster_135,Eukaryota;TSAR;Telonemia;Telonemia_X;Telonemia_XX;Telonemia_XXX;Telonemia-Group-2;Telonemia-Group-2_X;Telonemia-Group-2_X_sp.;,64.64,Candidate novel taxon,193,0.12,17
Cluster_72,Eukaryota;TSAR;Stramenopiles;Bigyra;Sagenista;Labyrinthulomycetes;Labyrinthulomycetes_LAB5;Labyrinthulomycetes_LAB5_X;Labyrinthulomycetes_LAB5_X_sp.;,51.96,Candidate novel taxon,193,0.12,34
Cluster_361,Eukaryota:plas;TSAR:plas;Stramenopiles:plas;Gyrista:plas;Mediophyceae:plas;Thalassiosirales:plas;Thalassiosirales_X:plas;Thalassiosirales_XX:plas;Thalassiosirales_XX_sp.:plas;,54.33,Candidate novel taxon,172,0.11,25
Cluster_93,Eukaryota;TSAR;Stramenopiles;Bigyra;Opalozoa;Opalinata;Blastocystis-Group;Blastocystis;Blastocystis_hominis;,60.29,Candidate novel taxon,164,0.1,15
Cluster_385,Eukaryota;TSAR;Alveolata;Apicomplexa;Coccidiomorphea;Eimeriida;Sarcocystidae;Sarcocystis;Sarcocystis_medusiformis;,64.54,Candidate novel taxon,163,0.1,19
Cluster_879,Eukaryota;Obazoa;Opisthokonta;Fungi;Ascomycota;Pezizomycotina;Sordariomycetes;Graphium;Graphium_sp.;,62.05,Candidate novel taxon,151,0.1,11
Cluster_148,Eukaryota;TSAR;Alveolata;Dinoflagellata;Dinophyceae;Dinophyceae_X;Dinophyceae_XX;Dinophyceae_XXX;Dinophyceae_XXX_sp.;,37.65,Candidate novel taxon,149,0.09,26
Cluster_144,Eukaryota;Obazoa;Opisthokonta;Fungi;Ascomycota;Pezizomycotina;Eurotiomycetes;Aspergillus;Aspergillus_niger;,45.27,Candidate novel taxon,145,0.09,19
Cluster_26,Eukaryota;TSAR;Alveolata;Dinoflagellata;Dinophyceae;Dinophyceae_X;Dinophyceae_XX;Dinophyceae_XXX;Dinophyceae_XXX_sp.;,45.1,Candidate novel taxon,143,0.09,28
Cluster_344,Eukaryota;TSAR;Alveolata;Dinoflagellata;Dinophyceae;Suessiales;Suessiales_X;Suessiales_XX;Suessiales_XX_sp.;,58.22,Candidate novel taxon,140,0.09,5
Cluster_106,Eukaryota;TSAR;Alveolata;Perkinsea;Perkinsea_X;Perkinsea_XX;Perkinsea_XXX;Perkinsea_XXXX;Perkinsea_XXXX_sp.;,54.6,Candidate novel taxon,136,0.09,23
Cluster_387,Eukaryota;Obazoa;Opisthokonta;Fungi;Ascomycota;Pezizomycotina;Sordariomycetes;Fusarium;Fusarium_sp.;,64.84,Candidate novel taxon,136,0.09,14
Cluster_450,Eukaryota;Obazoa;Opisthokonta;Fungi;Ascomycota;Pezizomycotina;Sordariomycetes;Trichoderma;Trichoderma_sp.;,60.87,Candidate novel taxon,122,0.08,16
Cluster_319,Eukaryota;TSAR;Alveolata;Ciliophora;Oligohymenophorea;Scuticociliatia_2;Scuticociliatia_2_X;Cyclidium_3;Cyclidium_glaucoma;,57.89,Candidate novel taxon,121,0.08,11
Cluster_312,Eukaryota;TSAR;Stramenopiles;Bigyra;Opalozoa;Opalozoa_X;MAST-12;MAST-12C;MAST-12C_sp.;,61.99,Candidate novel taxon,120,0.08,21
Cluster_139,Eukaryota;TSAR;Alveolata;Ciliophora;Oligohymenophorea;Hymenostomatia;Tetrahymenida;Tetrahymenida_X;Tetrahymenida_X_sp.;,46.87,Candidate novel taxon,119,0.08,18
Cluster_109,Eukaryota;TSAR;Alveolata;Ciliophora;Armophorea;Armophorea_X;Metopidae;Metopidae_X;Metopidae_X_sp.;,51.73,Candidate novel taxon,114,0.07,17
Cluster_145,Eukaryota;Obazoa;Opisthokonta;Metazoa;Platyhelminthes;Turbellaria;Seriata;Schmidtea;Schmidtea_mediterranea;,49.97,Candidate novel taxon,112,0.07,13
Cluster_403,Eukaryota;TSAR;Alveolata;Ciliophora;Prostomatea_3;Prostomatea_3_X;Holophryidae;Holophryidae_X;Holophryidae_X_sp.;,34.23,Candidate novel taxon,110,0.07,11
Cluster_347,Eukaryota;TSAR;Rhizaria;Foraminifera;Globothalamea;Rotaliida;Cassidulinidae;Islandiella;Islandiella_sp.;,60.12,Candidate novel taxon,109,0.07,15
Cluster_331,Eukaryota;Obazoa;Opisthokonta;Fungi;Chytridiomycota;Chytridiales;Chytridiales_X;Chytridiales_XX;Chytridiales_XX_sp.;,59.74,Candidate novel taxon,107,0.07,8
Cluster_401,Eukaryota;TSAR;Alveolata;Ciliophora;Oligohymenophorea;Peritrichia_2;Operculariidae;OLIGO1;OLIGO1_sp.;,64.59,Candidate novel taxon,107,0.07,15
Cluster_388,Eukaryota;Obazoa;Opisthokonta;Fungi;Chytridiomycota;Chytridiales;Chytridiales_X;Chytridiales_XX;Chytridiales_XX_sp.;,38.42,Candidate novel taxon,103,0.07,26
Cluster_55,Eukaryota;TSAR;Rhizaria;Radiolaria;Polycystinea;Nassellaria;Collosphaeridae;Disolenia;Disolenia_zanguebarica;,46.59,Candidate novel taxon,97,0.06,10
Cluster_370,Eukaryota;Amoebozoa;Evosea;Eumycetozoa;Myxogastria_Lucisporidia;Myxogastria_Lucisporidia_X;Trichiidae;Arcyria;Arcyria_cinerea;,56.07,Candidate novel taxon,95,0.06,12
Cluster_326,Eukaryota;Obazoa;Opisthokonta;Fungi;Chytridiomycota;Chytridiales;Chytridiales_X;Chytridiales_XX;Chytridiales_XX_sp.;,39.78,Candidate novel taxon,93,0.06,12
Cluster_103,Eukaryota;TSAR;Rhizaria;Foraminifera;Globothalamea;Rotaliida;Globorotaliidae;Globorotalia;Globorotalia_ungulata;,60.37,Candidate novel taxon,93,0.06,42
Cluster_77,Eukaryota;TSAR;Alveolata;Ciliophora;Prostomatea_3;Prostomatea_3_X;Holophryidae;Holophryidae_X;Holophryidae_X_sp.;,55.09,Candidate novel taxon,88,0.06,10
Cluster_88,Eukaryota;TSAR;Alveolata;Ciliophora;Prostomatea_3;Prostomatea_3_X;Holophryidae;Holophryidae_X;Holophryidae_X_sp.;,49.15,Candidate novel taxon,87,0.06,15
Cluster_124,Eukaryota;Obazoa;Opisthokonta;Fungi;Ascomycota;Pezizomycotina;Eurotiomycetes;Aspergillus;Aspergillus_niger;,52.61,Candidate novel taxon,85,0.05,10
Cluster_279,Eukaryota;TSAR;Alveolata;Ciliophora;Oligohymenophorea;Scuticociliatia_2;Scuticociliatia_2_X;Scuticociliatia_2_XX;Scuticociliatia_2_XX_sp.;,62.72,Candidate novel taxon,83,0.05,5
Cluster_91,Eukaryota;TSAR;Stramenopiles;Gyrista;Chrysophyceae;Paraphysomonadales;Paraphysomonadaceae;Paraphysomonas;Paraphysomonas_sp.;,51.29,Candidate novel taxon,81,0.05,10
Cluster_67,Eukaryota;TSAR;Alveolata;Ciliophora;Prostomatea_3;Prostomatea_3_X;Holophryidae;Holophryidae_X;Holophryidae_X_sp.;,50.0,Candidate novel taxon,80,0.05,15
Cluster_42,Eukaryota;Amoebozoa;Discosea;Discosea_X;Flabellinia;Vannellida;Vannellida_X;Vannellida_XX;Vannellida_XX_sp.;,59.63,Candidate novel taxon,79,0.05,15
Cluster_382,Eukaryota;TSAR;Rhizaria;Cercozoa;Sainouroidea;Sainouroidea_X;Guttulinopsidae;Rosculus;Rosculus_vulgaris;,55.63,Candidate novel taxon,78,0.05,11
Cluster_127,Eukaryota:mito;Obazoa:mito;Opisthokonta:mito;Fungi:mito;Ascomycota:mito;Pezizomycotina:mito;Lecanoromycetes:mito;Cryptodiscus:mito;Cryptodiscus_pini:mito;,50.5,Candidate novel taxon,76,0.05,17
Cluster_152,Eukaryota;Amoebozoa;Evosea;Eumycetozoa;Eumycetozoa_X;Dictyosteliida;Dictyosteliida_X;Dictyostelium;Dictyostelium_sp.;,63.29,Candidate novel taxon,75,0.05,7
Cluster_412,Eukaryota;TSAR;Stramenopiles;Gyrista;Chrysophyceae;Chrysophyceae_X;Chrysophyceae_XX;Chrysophyceae_XXX;Chrysophyceae_XXX_sp.;,43.35,Candidate novel taxon,75,0.05,13
Cluster_391,Eukaryota;TSAR;Telonemia;Telonemia_X;Telonemia_XX;Telonemia_XXX;Telonemia-Group-2;Telonemia-Group-2_X;Telonemia-Group-2_X_sp.;,62.65,Candidate novel taxon,75,0.05,5
Cluster_338,Eukaryota;TSAR;Alveolata;Apicomplexa;Gregarinomorphea;Eugregarinorida;Cephaloidophoridae;Cephaloidophoridae_X;Cephaloidophoridae_X_sp.;,53.06,Candidate novel taxon,75,0.05,11
Cluster_38,Eukaryota;TSAR;Alveolata;Dinoflagellata;Dinophyceae;Gonyaulacales;Pyrocystaceae;Alexandrium;Alexandrium_catenella;,49.71,Candidate novel taxon,74,0.05,35
Cluster_12,Eukaryota;TSAR;Alveolata;Ciliophora;Oligohymenophorea;Hymenostomatia;Tetrahymenida;Tetrahymena;Tetrahymena_rostrata;,45.44,Candidate novel taxon,74,0.05,15
Cluster_4,Eukaryota;TSAR;Rhizaria;Foraminifera;Globothalamea;Rotaliida;Pulleniidae;Pullenia;Pullenia_subcarinata;,61.76,Candidate novel taxon,73,0.05,9
Cluster_280,Eukaryota;TSAR;Alveolata;Ciliophora;Oligohymenophorea;Scuticociliatia_2;Scuticociliatia_2_X;Scuticociliatia_2_XX;Scuticociliatia_2_XX_sp.;,60.97,Candidate novel taxon,73,0.05,10
Cluster_159,Eukaryota;TSAR;Stramenopiles;Bigyra;Opalozoa;Opalinata;Blastocystis-Group;Blastocystis;Blastocystis_hominis;,53.72,Candidate novel taxon,73,0.05,31
Cluster_79,Eukaryota:mito;Obazoa:mito;Opisthokonta:mito;Fungi:mito;Ascomycota:mito;Pezizomycotina:mito;Lecanoromycetes:mito;Cryptodiscus:mito;Cryptodiscus_pini:mito;,56.83,Candidate novel taxon,72,0.05,16
Cluster_3,Eukaryota;TSAR;Rhizaria;Foraminifera;Globothalamea;Rotaliida;Globigerinidae;Turborotalita;Turborotalita_humilis;,53.72,Candidate novel taxon,72,0.05,11
Cluster_728,Eukaryota;TSAR;Alveolata;Ciliophora;Oligohymenophorea;Apostomatia;Apostomatia_X;Apostomatia_XX;Apostomatia_XX_sp.;,64.07,Candidate novel taxon,72,0.05,22
Cluster_50,Eukaryota;Obazoa;Opisthokonta;Fungi;Ascomycota;Pezizomycotina;Eurotiomycetes;Aspergillus;Aspergillus_niger;,58.17,Candidate novel taxon,70,0.04,11
Cluster_73,Eukaryota;Obazoa;Opisthokonta;Metazoa;Platyhelminthes;Turbellaria;Seriata;Schmidtea;Schmidtea_mediterranea;,55.02,Candidate novel taxon,69,0.04,15
Cluster_166,Eukaryota;Obazoa;Opisthokonta;Metazoa;Arthropoda;Hexapoda;Insecta;Aedes;Aedes_albopictus;,43.26,Candidate novel taxon,69,0.04,16
Cluster_352,Eukaryota;TSAR;Rhizaria;Foraminifera;Foraminifera_X;Foraminifera_XX;Foraminifera_XXX;Foraminifera_XXXX;Foraminifera_XXXX_sp.;,53.85,Candidate novel taxon,67,0.04,12
Cluster_83,Eukaryota;Obazoa;Opisthokonta;Fungi;Ascomycota;Pezizomycotina;Eurotiomycetes;Aspergillus;Aspergillus_niger;,52.16,Candidate novel taxon,66,0.04,5
Cluster_13,Eukaryota;TSAR;Rhizaria;Foraminifera;Globothalamea;Rotaliida;Pulleniidae;Pullenia;Pullenia_subcarinata;,54.79,Candidate novel taxon,64,0.04,28
Cluster_206,Eukaryota;Obazoa;Opisthokonta;Metazoa;Platyhelminthes;Turbellaria;Seriata;Microplana;Microplana_sp.;,49.93,Candidate novel taxon,63,0.04,10
Cluster_143,Eukaryota;Obazoa;Opisthokonta;Fungi;Ascomycota;Pezizomycotina;Sordariomycetes;Lulworthia;Lulworthia_sp.;,54.22,Candidate novel taxon,62,0.04,8
Cluster_435,Eukaryota;Obazoa;Opisthokonta;Fungi;Ascomycota;Pezizomycotina;Sordariomycetes;Paecilomyces;Paecilomyces_nostocoides;,60.33,Candidate novel taxon,62,0.04,5
Cluster_57,Eukaryota;TSAR;Telonemia;Telonemia_X;Telonemia_XX;Telonemia_XXX;Telonemia-Group-2;Telonemia-Group-2_X;Telonemia-Group-2_X_sp.;,56.81,Candidate novel taxon,61,0.04,8
Cluster_293,Eukaryota;TSAR;Alveolata;Apicomplexa;Coccidiomorphea;Piroplasmorida;Babesiidae;Babesia;Babesia_microti;,63.66,Candidate novel taxon,61,0.04,8
Cluster_89,Eukaryota;Obazoa;Opisthokonta;Fungi;Basidiomycota;Pucciniomycotina;Cystobasidiomycetes;Rhodotorula;Rhodotorula_sp.;,60.53,Candidate novel taxon,61,0.04,25
Cluster_427,Eukaryota;TSAR;Alveolata;Apicomplexa;Coccidiomorphea;Piroplasmorida;Theileriidae;Theileria;Theileria_sp.;,63.3,Candidate novel taxon,61,0.04,9
Cluster_142,Eukaryota;Excavata;Discoba;Discoba_X;Heterolobosea;Tetramitia_VI;Psalteriomonadidae;Psalteriomonas;Psalteriomonas_australis;,48.51,Candidate novel taxon,60,0.04,9
Cluster_85,Eukaryota;TSAR;Alveolata;Ciliophora;Prostomatea_3;Prostomatea_3_X;Holophryidae;Holophryidae_X;Holophryidae_X_sp.;,45.69,Candidate novel taxon,59,0.04,8
Cluster_138,Eukaryota;Obazoa;Opisthokonta;Metazoa;Platyhelminthes;Turbellaria;Seriata;Microplana;Microplana_sp.;,47.58,Candidate novel taxon,59,0.04,9
Cluster_359,Eukaryota:plas;TSAR:plas;Stramenopiles:plas;Gyrista:plas;Bacillariophyceae:plas;Bacillariophyceae_X:plas;Bacillariophyceae_XX:plas;Bacillariophyceae_XXX:plas;Bacillariophyceae_XXX_sp.:plas;,48.31,Candidate novel taxon,58,0.04,9
Cluster_496,Eukaryota;TSAR;Alveolata;Apicomplexa;Coccidiomorphea;Adeleida;Hepatozoidae;Hepatozoon;Hepatozoon_sp.;,62.93,Candidate novel taxon,55,0.03,11
Cluster_32,Eukaryota:mito;Obazoa:mito;Opisthokonta:mito;Fungi:mito;Ascomycota:mito;Pezizomycotina:mito;Lecanoromycetes:mito;Cryptodiscus:mito;Cryptodiscus_pini:mito;,46.23,Candidate novel taxon,55,0.03,9
Cluster_164,Eukaryota:mito;Obazoa:mito;Opisthokonta:mito;Fungi:mito;Ascomycota:mito;Pezizomycotina:mito;Lecanoromycetes:mito;Cryptodiscus:mito;Cryptodiscus_pini:mito;,48.1,Candidate novel taxon,55,0.03,15
Cluster_49,Eukaryota;TSAR;Stramenopiles;Bigyra;Opalozoa;Opalinata;Blastocystis-Group;Blastocystis;Blastocystis_hominis;,47.17,Candidate novel taxon,54,0.03,8
Cluster_172,Eukaryota;TSAR;Rhizaria;Foraminifera;Globothalamea;Rotaliida;Pulleniidae;Pullenia;Pullenia_subcarinata;,59.43,Candidate novel taxon,54,0.03,23
Cluster_116,Eukaryota;TSAR;Stramenopiles;Bigyra;Sagenista;Labyrinthulomycetes;Thraustochytriaceae;Aurantiochytrium;Aurantiochytrium_sp.;,64.85,Candidate novel taxon,52,0.03,6
Cluster_68,Eukaryota;TSAR;Alveolata;Ciliophora;Prostomatea_3;Prostomatea_3_X;Holophryidae;Holophryidae_X;Holophryidae_X_sp.;,55.1,Candidate novel taxon,52,0.03,7
Cluster_529,Eukaryota;TSAR;Alveolata;Apicomplexa;Gregarinomorphea;Cryptogregarinorida;Cryptosporidiidae;Cryptosporidium7;Cryptosporidium7_sp.;,63.1,Candidate novel taxon,51,0.03,10
Cluster_82,Eukaryota;Obazoa;Opisthokonta;Fungi;Ascomycota;Pezizomycotina;Eurotiomycetes;Aspergillus;Aspergillus_niger;,56.86,Candidate novel taxon,51,0.03,7
Cluster_24,Eukaryota;TSAR;Alveolata;Dinoflagellata;Dinophyceae;Dinophyceae_X;Dinophyceae_XX;Dinophyceae_XXX;Dinophyceae_XXX_sp.;,42.66,Candidate novel taxon,49,0.03,11
Cluster_399,Eukaryota;Obazoa;Opisthokonta;Fungi;Chytridiomycota;Chytridiales;Chytridiales_X;Chytridiales_XX;Chytridiales_XX_sp.;,42.34,Candidate novel taxon,48,0.03,13
Cluster_95,Eukaryota;TSAR;Alveolata;Ciliophora;Phyllopharyngea;Suctoria;Evaginogenida;Evaginogenida_X;Evaginogenida_X_sp.;,61.51,Candidate novel taxon,48,0.03,22
Cluster_883,Eukaryota;TSAR;Alveolata;Ciliophora;Phyllopharyngea;Cyrtophoria_4;Chilodonellidae;Chilodonella;Chilodonella_sp.;,63.35,Candidate novel taxon,48,0.03,7
Cluster_80,Eukaryota;TSAR;Alveolata;Ciliophora;Oligohymenophorea;Hymenostomatia;Tetrahymenida;Tetrahymena;Tetrahymena_rostrata;,49.83,Candidate novel taxon,47,0.03,7
Cluster_292,Eukaryota;Excavata;Discoba;Discoba_X;Heterolobosea;Tetramitia_VI;Psalteriomonadidae;Psalteriomonas;Psalteriomonas_lanterna;,63.75,Candidate novel taxon,46,0.03,10
Cluster_274,Eukaryota;Obazoa;Opisthokonta;Metazoa;Platyhelminthes;Turbellaria;Seriata;Novibipalium;Novibipalium_venosum;,64.84,Candidate novel taxon,45,0.03,9
Cluster_6,Eukaryota:plas;TSAR:plas;Stramenopiles:plas;Gyrista:plas;Bacillariophyceae:plas;Bacillariophyceae_X:plas;Bacillariophyceae_XX:plas;Bacillariophyceae_XXX:plas;Bacillariophyceae_XXX_sp.:plas;,51.68,Candidate novel taxon,45,0.03,20
Cluster_231,Eukaryota:plas;TSAR:plas;Stramenopiles:plas;Gyrista:plas;Bacillariophyceae:plas;Bacillariophyceae_X:plas;Bacillariophyceae_XX:plas;Bacillariophyceae_XXX:plas;Bacillariophyceae_XXX_sp.:plas;,57.08,Candidate novel taxon,45,0.03,19
Cluster_25,Eukaryota;Obazoa;Opisthokonta;Fungi;Opisthosporidia;Microsporida;Microsporida_X;Loma;Loma_salmonae;,39.26,Candidate novel taxon,44,0.03,8
Cluster_223,Eukaryota;TSAR;Rhizaria;Foraminifera;Globothalamea;Rotaliida;Globigerinidae;Trilobatus;Trilobatus_sacculifer;,63.93,Candidate novel taxon,43,0.03,21
Cluster_191,Eukaryota:plas;TSAR:plas;Stramenopiles:plas;Gyrista:plas;Mediophyceae:plas;Thalassiosirales:plas;Thalassiosirales_X:plas;Thalassiosirales_XX:plas;Thalassiosirales_XX_sp.:plas;,52.96,Candidate novel taxon,41,0.03,17
Cluster_426,Eukaryota;TSAR;Alveolata;Ciliophora;Oligohymenophorea;Scuticociliatia_2;Scuticociliatia_2_X;Scuticociliatia_2_XX;Scuticociliatia_2_XX_sp.;,61.45,Candidate novel taxon,41,0.03,6
Cluster_232,Eukaryota;TSAR;Rhizaria;Radiolaria;Polycystinea;Nassellaria;Eucyrtidiidae;Eucyrtidium;Eucyrtidium_hexastichum;,60.6,Candidate novel taxon,41,0.03,17
Cluster_113,Eukaryota;Archaeplastida;Chlorophyta;Chlorophyta_X;Mamiellophyceae;Mamiellales;Mamiellaceae;RCC391;RCC391_sp.;,57.13,Candidate novel taxon,40,0.03,7
Cluster_216,Eukaryota:plas;TSAR:plas;Stramenopiles:plas;Gyrista:plas;Bacillariophyceae:plas;Bacillariophyceae_X:plas;Bacillariophyceae_XX:plas;Bacillariophyceae_XXX:plas;Bacillariophyceae_XXX_sp.:plas;,64.92,Candidate novel taxon,40,0.03,8
Cluster_282,Eukaryota;TSAR;Alveolata;Apicomplexa;Coccidiomorphea;Piroplasmorida;Theileriidae;Theileria9;Theileria_annulata;,61.68,Candidate novel taxon,40,0.03,7
Cluster_487,Eukaryota:mito;Obazoa:mito;Opisthokonta:mito;Metazoa:mito;Craniata:mito;Craniata_X:mito;Craniata_XX:mito;Myotis:mito;Myotis_capaccinii:mito;,62.89,Candidate novel taxon,40,0.03,8
Cluster_363,Eukaryota;Obazoa;Opisthokonta;Fungi;Chytridiomycota;Chytridiales;Chytridiales_X;Chytridiales_XX;Chytridiales_XX_sp.;,37.49,Candidate novel taxon,39,0.02,9
Cluster_10,Eukaryota;TSAR;Rhizaria;Foraminifera;Globothalamea;Rotaliida;Globorotaliidae;Globorotalia;Globorotalia_ungulata;,57.42,Candidate novel taxon,38,0.02,15
Cluster_165,Eukaryota;Obazoa;Opisthokonta;Fungi;Ascomycota;Pezizomycotina;Eurotiomycetes;Aspergillus;Aspergillus_niger;,46.99,Candidate novel taxon,38,0.02,6
Cluster_104,Eukaryota:mito;Obazoa:mito;Opisthokonta:mito;Fungi:mito;Ascomycota:mito;Pezizomycotina:mito;Lecanoromycetes:mito;Cryptodiscus:mito;Cryptodiscus_pini:mito;,52.77,Candidate novel taxon,38,0.02,9
Cluster_157,Eukaryota;Obazoa;Opisthokonta;Metazoa;Platyhelminthes;Turbellaria;Seriata;Schmidtea;Schmidtea_mediterranea;,51.72,Candidate novel taxon,37,0.02,12
Cluster_14,Eukaryota:plas;TSAR:plas;Stramenopiles:plas;Gyrista:plas;Bacillariophyceae:plas;Bacillariophyceae_X:plas;Bacillariophyceae_XX:plas;Bacillariophyceae_XXX:plas;Bacillariophyceae_XXX_sp.:plas;,58.61,Candidate novel taxon,36,0.02,16
Cluster_160,Eukaryota;TSAR;Rhizaria;Foraminifera;Globothalamea;Rotaliida;Elphidiidae;Elphidium;Elphidium_bartletti;,51.83,Candidate novel taxon,36,0.02,16
Cluster_170,Eukaryota;Obazoa;Opisthokonta;Metazoa;Platyhelminthes;Turbellaria;Seriata;Microplana;Microplana_sp.;,48.17,Candidate novel taxon,36,0.02,10
Cluster_171,Eukaryota:plas;TSAR:plas;Stramenopiles:plas;Gyrista:plas;Mediophyceae:plas;Thalassiosirales:plas;Thalassiosirales_X:plas;Thalassiosirales_XX:plas;Thalassiosirales_XX_sp.:plas;,57.6,Candidate novel taxon,36,0.02,15
Cluster_337,Eukaryota;Obazoa;Opisthokonta;Fungi;Chytridiomycota;Chytridiales;Chytridiales_X;Chytridiales_XX;Chytridiales_XX_sp.;,40.38,Candidate novel taxon,36,0.02,9
Cluster_373,Eukaryota;Obazoa;Opisthokonta;Fungi;Ascomycota;Pezizomycotina;Eurotiomycetes;Aspergillus;Aspergillus_niger;,45.14,Candidate novel taxon,36,0.02,6
Cluster_173,Eukaryota:plas;TSAR:plas;Stramenopiles:plas;Gyrista:plas;Bacillariophyceae:plas;Bacillariophyceae_X:plas;Bacillariophyceae_XX:plas;Bacillariophyceae_XXX:plas;Bacillariophyceae_XXX_sp.:plas;,62.67,Candidate novel taxon,36,0.02,14
Cluster_59,Eukaryota;Obazoa;Opisthokonta;Fungi;Ascomycota;Pezizomycotina;Leotiomycetes;Bulgaria;Bulgaria_inquinans;,57.03,Candidate novel taxon,35,0.02,9
Cluster_1,Eukaryota:mito;Obazoa:mito;Opisthokonta:mito;Fungi:mito;Ascomycota:mito;Pezizomycotina:mito;Sordariomycetes:mito;Hypocrea:mito;Hypocrea_citrina:mito;,44.55,Candidate novel taxon,35,0.02,7
Cluster_121,Eukaryota;TSAR;Alveolata;Dinoflagellata;Dinophyceae;Gonyaulacales;Pyrocystaceae;Alexandrium;Alexandrium_catenella;,59.07,Candidate novel taxon,35,0.02,11
Cluster_8,Eukaryota;Obazoa;Opisthokonta;Fungi;Basidiomycota;Ustilaginomycotina;Exobasidiomycetes;Malassezia;Malassezia_globosa;,52.28,Candidate novel taxon,34,0.02,7
Cluster_161,Eukaryota:plas;Archaeplastida:plas;Chlorophyta:plas;Chlorophyta_X:plas;Trebouxiophyceae:plas;Prasiolales:plas;Prasiolales_X:plas;Stichococcus:plas;Stichococcus_bacillaris:plas;,51.2,Candidate novel taxon,33,0.02,13
Cluster_33,Eukaryota;TSAR;Alveolata;Ciliophora;Prostomatea_3;Prostomatea_3_X;Holophryidae;Holophryidae_X;Holophryidae_X_sp.;,51.53,Candidate novel taxon,33,0.02,5
Cluster_70,Eukaryota;TSAR;Alveolata;Apicomplexa;Gregarinomorphea;Eugregarinorida;Porosporidae;Porosporidae_X;Porosporidae_X_sp.;,64.6,Candidate novel taxon,33,0.02,5
Cluster_87,Eukaryota;TSAR;Alveolata;Ciliophora;Prostomatea_3;Prostomatea_3_X;Holophryidae;Holophryidae_X;Holophryidae_X_sp.;,47.99,Candidate novel taxon,32,0.02,10
Cluster_258,Eukaryota;TSAR;Alveolata;Ciliophora;CONThreeP;CONThreeP_X;CONThreeP_XX;Askenasia;Askenasia_sp.;,59.93,Candidate novel taxon,32,0.02,11
Cluster_315,Eukaryota;TSAR;Rhizaria;Foraminifera;Foraminifera_X;Foraminifera_XX;Foraminifera_XXX;Foraminifera_XXXX;Foraminifera_XXXX_sp.;,54.48,Candidate novel taxon,32,0.02,6
Cluster_178,Eukaryota;Obazoa;Opisthokonta;Metazoa;Arthropoda;Crustacea;Maxillopoda;Acartia;Acartia_omorii;,44.66,Candidate novel taxon,32,0.02,6
Cluster_341,Eukaryota;TSAR;Alveolata;Apicomplexa;Coccidiomorphea;Piroplasmorida;Theileriidae;Theileria;Theileria_equi;,64.47,Candidate novel taxon,32,0.02,6
Cluster_202,Eukaryota;TSAR;Alveolata;Apicomplexa;Coccidiomorphea;Piroplasmorida;Theileriidae;Theileria9;Theileria_annulata;,58.3,Candidate novel taxon,32,0.02,7
Cluster_229,Eukaryota;Amoebozoa;Discosea;Discosea_X;Centramoebia;Acanthopodida;Acanthamoebidae;Acanthamoeba;Acanthamoeba_castellanii;,62.4,Candidate novel taxon,32,0.02,8
Cluster_5,Eukaryota;TSAR;Alveolata;Ciliophora;Prostomatea_3;Prostomatea_3_X;Holophryidae;Holophryidae_X;Holophryidae_X_sp.;,50.48,Candidate novel taxon,31,0.02,5
Cluster_156,Eukaryota;Excavata;Discoba;Discoba_X;Heterolobosea;Tetramitia_VI;Psalteriomonadidae;Psalteriomonas;Psalteriomonas_australis;,38.41,Candidate novel taxon,31,0.02,7
Cluster_158,Eukaryota;Excavata;Discoba;Euglenozoa;Symbiontida;Symbiontida_X;Symbiontida_XX;Symbiontida_XXX;Symbiontida_XXX_sp.;,59.94,Candidate novel taxon,30,0.02,14
Cluster_17,Eukaryota;TSAR;Rhizaria;Foraminifera;Globothalamea;Rotaliida;Globigerinidae;Globigerinoides;Globigerinoides_ruber-albus;,42.83,Candidate novel taxon,30,0.02,13
Cluster_153,Eukaryota;TSAR;Alveolata;Ciliophora;Oligohymenophorea;Scuticociliatia_2;Scuticociliatia_2_X;Cristigera;Cristigera_sp.;,59.75,Candidate novel taxon,29,0.02,13
Cluster_147,Eukaryota;TSAR;Alveolata;Ciliophora;Oligohymenophorea;Hymenostomatia;Tetrahymenida;Tetrahymena;Tetrahymena_tropicalis;,37.18,Candidate novel taxon,28,0.02,5
Cluster_48,Eukaryota;Obazoa;Opisthokonta;Metazoa;Nematoda;Chromadorea;Chromadorea_X;Aphelenchoides;Aphelenchoides_sp.;,52.67,Candidate novel taxon,28,0.02,6
Cluster_69,Eukaryota;TSAR;Alveolata;Ciliophora;Oligohymenophorea;Scuticociliatia_2;Scuticociliatia_2_X;Cyclidium_3;Cyclidium_glaucoma;,64.2,Candidate novel taxon,28,0.02,5
Cluster_108,Eukaryota;TSAR;Alveolata;Perkinsea;Perkinsea_X;Perkinsea_XX;Perkinsea_XXX;Perkinsea_XXXX;Perkinsea_XXXX_sp.;,52.58,Candidate novel taxon,27,0.02,5
Cluster_134,Eukaryota;Obazoa;Opisthokonta;Metazoa;Platyhelminthes;Turbellaria;Seriata;Schmidtea;Schmidtea_mediterranea;,60.99,Candidate novel taxon,27,0.02,5
Cluster_146,Eukaryota;TSAR;Alveolata;Ciliophora;Oligohymenophorea;Hymenostomatia;Tetrahymenida;Tetrahymena;Tetrahymena_limacis;,47.79,Candidate novel taxon,26,0.02,5
Cluster_162,Eukaryota:plas;TSAR:plas;Stramenopiles:plas;Gyrista:plas;Mediophyceae:plas;Thalassiosirales:plas;Thalassiosirales_X:plas;Thalassiosirales_XX:plas;Thalassiosirales_XX_sp.:plas;,49.74,Candidate novel taxon,26,0.02,10
Cluster_141,Eukaryota;Obazoa;Opisthokonta;Fungi;Ascomycota;Pezizomycotina;Eurotiomycetes;Aspergillus;Aspergillus_niger;,46.06,Candidate novel taxon,26,0.02,5
Cluster_29,Eukaryota:mito;Obazoa:mito;Opisthokonta:mito;Fungi:mito;Ascomycota:mito;Pezizomycotina:mito;Lecanoromycetes:mito;Cryptodiscus:mito;Cryptodiscus_pini:mito;,51.11,Candidate novel taxon,26,0.02,6
Cluster_360,Eukaryota;Obazoa;Opisthokonta;Metazoa;Platyhelminthes;Turbellaria;Seriata;Dendrocoelum;Dendrocoelum_lacteum;,57.08,Candidate novel taxon,26,0.02,5
Cluster_34,Eukaryota;TSAR;Rhizaria;Foraminifera;Globothalamea;Rotaliida;Pulleniidae;Pullenia;Pullenia_subcarinata;,55.3,Candidate novel taxon,26,0.02,12
Cluster_328,Eukaryota;TSAR;Alveolata;Dinoflagellata;Dinophyceae;Gonyaulacales;Pyrocystaceae;Alexandrium;Alexandrium_catenella;,54.82,Candidate novel taxon,26,0.02,6
Cluster_31,Eukaryota;TSAR;Alveolata;Apicomplexa;Coccidiomorphea;Adeleida;Haemogregarinidae;Haemogregarina;Haemogregarina_sp.;,50.21,Candidate novel taxon,26,0.02,11
Cluster_22,Eukaryota;TSAR;Rhizaria;Foraminifera;Globothalamea;Rotaliida;Globigerinidae;Turborotalita;Turborotalita_humilis;,61.74,Candidate novel taxon,25,0.02,12
Cluster_45,Eukaryota;TSAR;Stramenopiles;Bigyra;Opalozoa;Opalinata;Blastocystis-Group;Blastocystis;Blastocystis_hominis;,61.92,Candidate novel taxon,25,0.02,5
Cluster_405,Eukaryota;TSAR;Stramenopiles;Gyrista;Peronosporomycetes;Peronosporomycetes_X;Olpidophydiales;Olpidiopsis;Olpidiopsis_pyropiae;,57.04,Candidate novel taxon,25,0.02,9
Cluster_78,Eukaryota;TSAR;Stramenopiles;Bigyra;Opalozoa;Opalinata;Blastocystis-Group;Blastocystis;Blastocystis_hominis;,62.11,Candidate novel taxon,25,0.02,5
Cluster_133,Eukaryota;TSAR;Alveolata;Ciliophora;Oligohymenophorea;Peritrichia_2;Sessilida;Sessilida_X;Sessilida_X_sp.;,63.35,Candidate novel taxon,24,0.02,5
Cluster_123,Eukaryota;Obazoa;Opisthokonta;Metazoa;Platyhelminthes;Turbellaria;Seriata;Bdelloura;Bdelloura_candida;,61.09,Candidate novel taxon,24,0.02,6
Cluster_122,Eukaryota;TSAR;Alveolata;Apicomplexa;Coccidiomorphea;Eimeriida;Eimeriidae;Lankesterella;Lankesterella_sp.;,51.57,Candidate novel taxon,24,0.02,5
Cluster_20,Eukaryota;Amoebozoa;Discosea;Discosea_X;Centramoebia;Himatismenida;Himatismenida_X;Squamamoeba;Squamamoeba_japonica;,57.02,Candidate novel taxon,24,0.02,11
Cluster_66,Eukaryota;TSAR;Alveolata;Ciliophora;Prostomatea_3;Prostomatea_3_X;Holophryidae;Holophryidae_X;Holophryidae_X_sp.;,48.98,Candidate novel taxon,24,0.02,5
Cluster_278,Eukaryota;Amoebozoa;Evosea;Eumycetozoa;Myxogastria_Lucisporidia;Myxogastria_Lucisporidia_X;Trichiidae;Arcyria;Arcyria_cinerea;,63.14,Candidate novel taxon,23,0.01,6
Cluster_368,Bacteria;FCB;Bacteroidetes;Bacteroidetes_X;Bacteroidia;Bacteroidales;Rikenellaceae;BCf917_termite_group;BCf917_termite_group_sp.;,53.98,Candidate novel taxon,23,0.01,5
Cluster_225,Eukaryota:plas;TSAR:plas;Stramenopiles:plas;Gyrista:plas;Bacillariophyceae:plas;Bacillariophyceae_X:plas;Bacillariophyceae_XX:plas;Bacillariophyceae_XXX:plas;Bacillariophyceae_XXX_sp.:plas;,53.5,Candidate novel taxon,22,0.01,10
Cluster_23,Eukaryota;TSAR;Alveolata;Ciliophora;Ciliophora_X;Ciliophora_XX;Ciliophora_XXX;Mesodinium;Mesodinium_sp.;,53.49,Candidate novel taxon,21,0.01,9
Cluster_21,Eukaryota;TSAR;Rhizaria;Foraminifera;Globothalamea;Rotaliida;Globigerinidae;Globigerinoides;Globigerinoides_ruber-albus;,53.67,Candidate novel taxon,21,0.01,6
Cluster_248,Eukaryota;TSAR;Alveolata;Ciliophora;Phyllopharyngea;Suctoria;PHYLL_3;PHYLL_3_X;PHYLL_3_X_sp.;,62.66,Candidate novel taxon,20,0.01,9
Cluster_41,Eukaryota;TSAR;Stramenopiles;Bigyra;Opalozoa;Opalozoa_X;MAST-12;MAST-12C;MAST-12C_sp.;,62.71,Candidate novel taxon,20,0.01,5
Cluster_260,Eukaryota;TSAR;Alveolata;Apicomplexa;Gregarinomorphea;Cryptogregarinorida;Cryptosporidiidae;Cryptosporidium9;Cryptosporidium_ryanae;,60.58,Candidate novel taxon,20,0.01,9
Cluster_15,Eukaryota:plas;TSAR:plas;Stramenopiles:plas;Gyrista:plas;Bacillariophyceae:plas;Bacillariophyceae_X:plas;Bacillariophyceae_XX:plas;Bacillariophyceae_XXX:plas;Bacillariophyceae_XXX_sp.:plas;,62.4,Candidate novel taxon,20,0.01,8
Cluster_43,Eukaryota:plas;TSAR:plas;Stramenopiles:plas;Gyrista:plas;Bacillariophyceae:plas;Bacillariophyceae_X:plas;Bacillariophyceae_XX:plas;Bacillariophyceae_XXX:plas;Bacillariophyceae_XXX_sp.:plas;,56.28,Candidate novel taxon,20,0.01,7
Cluster_9,Eukaryota;Obazoa;Opisthokonta;Fungi;Opisthosporidia;Microsporida;Microsporida_X;Anncaliia;Anncaliia_algerae;,54.62,Candidate novel taxon,19,0.01,9
Cluster_301,Eukaryota;Amoebozoa;Evosea;Eumycetozoa;Myxogastria_Lucisporidia;Myxogastria_Lucisporidia_X;Trichiidae;Arcyria;Arcyria_cinerea;,60.64,Candidate novel taxon,19,0.01,8
Cluster_336,Eukaryota;TSAR;Alveolata;Apicomplexa;Coccidiomorphea;Piroplasmorida;Theileriidae;Theileria;Theileria_equi;,62.37,Candidate novel taxon,19,0.01,6
Cluster_404,Eukaryota;Excavata;Discoba;Discoba_X;Heterolobosea;Acrasida;Acrasidae;Acrasis;Acrasis_helenhemmesae;,33.94,Candidate novel taxon,18,0.01,5
Cluster_11,Eukaryota;TSAR;Rhizaria;Foraminifera;Globothalamea;Rotaliida;Elphidiidae;Elphidium;Elphidium_aculeatum;,57.63,Candidate novel taxon,18,0.01,9
Cluster_137,Eukaryota;Obazoa;Opisthokonta;Metazoa;Platyhelminthes;Turbellaria;Seriata;Caenoplana;Caenoplana_coerulea;,49.23,Candidate novel taxon,18,0.01,5
Cluster_28,Eukaryota;TSAR;Rhizaria;Foraminifera;Globothalamea;Rotaliida;Uvigerinidae;Uvigerina;Uvigerina_peregrina;,50.55,Candidate novel taxon,17,0.01,5
Cluster_2,Eukaryota:mito;Obazoa:mito;Opisthokonta:mito;Fungi:mito;Ascomycota:mito;Pezizomycotina:mito;Lecanoromycetes:mito;Cryptodiscus:mito;Cryptodiscus_pini:mito;,51.1,Candidate novel taxon,17,0.01,8
Cluster_47,Eukaryota;TSAR;Rhizaria;Foraminifera;Globothalamea;Rotaliida;Bolivinitidae;Bolivina;Bolivina_skagerrakensis;,51.45,Candidate novel taxon,17,0.01,8
Cluster_36,Eukaryota;Obazoa;Opisthokonta;Metazoa;Platyhelminthes;Turbellaria;Seriata;Schmidtea;Schmidtea_mediterranea;,56.23,Candidate novel taxon,17,0.01,7
Cluster_40,Eukaryota;Amoebozoa;Evosea;Evosea_X;Archamoebea;Archamoebea_X;Entamoebidae;Entamoeba;Entamoeba_chattoni;,63.66,Candidate novel taxon,17,0.01,7
Cluster_128,Eukaryota;Obazoa;Opisthokonta;Metazoa;Myxozoa;Myxozoa_X;Myxosporea;Henneguya;Henneguya_shaharini;,47.51,Candidate novel taxon,17,0.01,5
Cluster_473,Eukaryota;TSAR;Stramenopiles;Bigyra;Bicoecea;Pseudodendromonadales;Pseudodendromonadales_X;Paramonas;Paramonas_globosa;,59.96,Candidate novel taxon,17,0.01,6
Cluster_19,Eukaryota;TSAR;Rhizaria;Foraminifera;Globothalamea;Rotaliida;Pulleniidae;Pullenia;Pullenia_subcarinata;,62.33,Candidate novel taxon,17,0.01,7
Cluster_71,Eukaryota;TSAR;Alveolata;Ciliophora;Oligohymenophorea;Scuticociliatia_2;Scuticociliatia_2_X;Cyclidium_3;Cyclidium_glaucoma;,57.89,Candidate novel taxon,17,0.01,6
Cluster_286,Eukaryota:mito;Obazoa:mito;Opisthokonta:mito;Metazoa:mito;Craniata:mito;Craniata_X:mito;Amphibia:mito;Pristimantis:mito;Pristimantis_orcesi:mito;,64.65,Candidate novel taxon,16,0.01,6
Cluster_111,Eukaryota;TSAR;Rhizaria;Foraminifera;Globothalamea;Rotaliida;Globigerinidae;Globigerinella;Globigerinella_siphonifera;,62.94,Candidate novel taxon,16,0.01,6
Cluster_129,Eukaryota:mito;Obazoa:mito;Opisthokonta:mito;Fungi:mito;Ascomycota:mito;Pezizomycotina:mito;Lecanoromycetes:mito;Collema:mito;Collema_curtisporum:mito;,62.58,Candidate novel taxon,16,0.01,6
Cluster_398,Eukaryota;Obazoa;Opisthokonta;Fungi;Ascomycota;Pezizomycotina;Sordariomycetes;Paecilomyces;Paecilomyces_nostocoides;,63.91,Candidate novel taxon,16,0.01,5
Cluster_18,Eukaryota;TSAR;Rhizaria;Foraminifera;Globothalamea;Rotaliida;Bolivinitidae;Bolivina;Bolivina_skagerrakensis;,56.16,Candidate novel taxon,15,0.01,7
Cluster_110,Eukaryota;TSAR;Rhizaria;Foraminifera;Globothalamea;Rotaliida;Globigerinidae;Globigerinella;Globigerinella_siphonifera;,64.25,Candidate novel taxon,15,0.01,6
Cluster_892,Eukaryota;TSAR;Alveolata;Apicomplexa;Coccidiomorphea;Piroplasmorida;Babesiidae;Babesia9;Babesia_gibsoni;,64.36,Candidate novel taxon,15,0.01,5
Cluster_420,Eukaryota;TSAR;Stramenopiles;Bigyra;Opalozoa;Opalozoa_X;MAST-12;MAST-12C;MAST-12C_sp.;,64.5,Candidate novel taxon,15,0.01,5
Cluster_277,Eukaryota;Obazoa;Opisthokonta;Fungi;Fungi_X;Fungi_XX;Fungi_XXX;Fungi_XXXX;Fungi_XXXX_sp.;,63.07,Candidate novel taxon,14,0.01,5
Cluster_468,Eukaryota;TSAR;Alveolata;Ciliophora;Oligohymenophorea;Apostomatia;Apostomatia_X;Apostomatia_XX;Apostomatia_XX_sp.;,63.51,Candidate novel taxon,14,0.01,6
Cluster_126,Eukaryota:mito;Obazoa:mito;Opisthokonta:mito;Metazoa:mito;Craniata:mito;Craniata_X:mito;Lepidosauria:mito;Amphiglossus:mito;Amphiglossus_tsaratananensis:mito;,50.96,Candidate novel taxon,13,0.01,6
Cluster_60,Eukaryota;Obazoa;Opisthokonta;Fungi;Ascomycota;Pezizomycotina;Leotiomycetes;Bulgaria;Bulgaria_inquinans;,47.12,Candidate novel taxon,13,0.01,5
Cluster_167,Eukaryota;TSAR;Rhizaria;Foraminifera;Globothalamea;Rotaliida;Elphidiidae;Elphidium;Elphidium_aculeatum;,54.24,Candidate novel taxon,13,0.01,6
Cluster_288,Eukaryota;TSAR;Alveolata;Apicomplexa;Gregarinomorphea;Cryptogregarinorida;Cryptosporidiidae;Cryptosporidium1;Cryptosporidium_parvum;,64.63,Candidate novel taxon,13,0.01,5
Cluster_46,Eukaryota;TSAR;Stramenopiles;Bigyra;Opalozoa;Opalinata;Blastocystis-Group;Blastocystis;Blastocystis_sp.;,49.01,Candidate novel taxon,13,0.01,6
Cluster_37,Eukaryota;TSAR;Rhizaria;Foraminifera;Globothalamea;Rotaliida;Pulleniidae;Pullenia;Pullenia_subcarinata;,60.08,Candidate novel taxon,13,0.01,5
Cluster_886,Eukaryota;TSAR;Alveolata;Apicomplexa;Gregarinomorphea;Cryptogregarinorida;Cryptosporidiidae;Cryptosporidium;Cryptosporidium_sp.;,63.38,Candidate novel taxon,12,0.01,5
Cluster_16,Eukaryota;Obazoa;Opisthokonta;Fungi;Ascomycota;Pezizomycotina;Eurotiomycetes;Aspergillus;Aspergillus_neoflavipes;,61.31,Candidate novel taxon,11,0.01,5
Cluster_99,Eukaryota;Excavata;Discoba;Euglenozoa;Symbiontida;Symbiontida_X;Calkinsiidae;Calkinsia;Calkinsia_aureus;,62.47,Candidate novel taxon,10,0.01,5
Cluster_125,Eukaryota;TSAR;Alveolata;Ciliophora;Oligohymenophorea;Hymenostomatia;Tetrahymenida;Tetrahymena;Tetrahymena_americanis;,50.34,Candidate novel taxon,10,0.01,5
Cluster_30,Eukaryota;TSAR;Alveolata;Dinoflagellata;Dinophyceae;Peridiniales;Heterocapsaceae;Heterocapsa;Heterocapsa_sp.;,63.46,Candidate novel taxon,10,0.01,5
Cluster_0,Eukaryota;TSAR;Alveolata;Ciliophora;Prostomatea_3;Prostomatea_3_X;Holophryidae;Holophryidae_X;Holophryidae_X_sp.;,52.4,Candidate novel taxon,10,0.01,5
